2020-01,Endbyg Leoglsgc
2020-02,Endbyg Leoglsgc
2020-03,Endbyg Leoglsgc
2020-04,Endbyg Leoglsgc
2020-05,Endbyg Leoglsgc
2020-06,Endbyg Leoglsgc
2020-07,Endbyg Leoglsgc
2020-08,Endbyg Leoglsgc
2020-09,Endbyg Leoglsgc
2020-10,Endbyg Leoglsgc
2020-11,Endbyg Leoglsgc
2020-12,Endbyg Leoglsgc
2021-01,Endbyg Leoglsgc
2021-02,Endbyg Leoglsgc
2021-03,Endbyg Leoglsgc
2021-04,Endbyg Leoglsgc
2021-05,Endbyg Leoglsgc
2021-06,Endbyg Leoglsgc
2021-07,Endbyg Leoglsgc
2021-08,Endbyg Leoglsgc
2021-09,Endbyg Leoglsgc
2021-10,Endbyg Leoglsgc
2021-11,Endbyg Leoglsgc
2021-12,Endbyg Leoglsgc
2022-01,Endbyg Leoglsgc
2022-02,Endbyg Leoglsgc
2022-03,Endbyg Leoglsgc
2022-04,Endbyg Leoglsgc
2022-05,Endbyg Leoglsgc
2022-06,Endbyg Leoglsgc
2022-07,Endbyg Leoglsgc
2022-08,Endbyg Leoglsgc
2022-09,Endbyg Leoglsgc
2022-10,Endbyg Leoglsgc
2022-11,Endbyg Leoglsgc
2022-12,Endbyg Leoglsgc
2023-01,Agendeuef Ztasqwwcobi
2023-01,Ahhjew Aphpea
2023-01,Akxcxrgsqi Adyujxu
2023-01,Ambmxivw Wbwuywi
2023-01,Atgvpsut Dmkugbzhs
2023-01,Awijj Flwfudrbwv
2023-01,Bjqjh Jctnmpmab
2023-01,Bkpzzfrgpmyl Xssaahvrgh
2023-01,Blpfnrarzvh Nmcpu
2023-01,Bperp Wzxhxmknxfwp
2023-01,Chjzjlhrufdc Ehnifr
2023-01,Cyolckpkc Jtgmnpahrq
2023-01,Dfbwuay Kmygyknmnzm
2023-01,Dpvhyb Xsowiixeadtc
2023-01,Endbyg Leoglsgc
2023-01,Fghkacepsy Ekecm
2023-01,Fjciarx Roxavdjmch
2023-01,Fmoflf Rnaftrxndufq
2023-01,Fyhdgjugnomq Mguts
2023-01,Ggatwkenwo Qfgbxmkd
2023-01,Gjqwmmvzj Kjdcxtdbve
2023-01,Gsntipv Edxidhknagpa
2023-01,Gwvwinuyengt Ggrxneylmwzk
2023-01,Gysclglunyw Cypmwza
2023-01,Hehpffxvvg Segwgluxch
2023-01,Hrutqqrlf Txxnbz
2023-01,Htjusuwwvqd Xcnlkrdab
2023-01,Huclfip Wswpxe
2023-01,Hyeiify Vsrnipvocn
2023-01,Hyiuisxrvhzr Ysykowrqamt
2023-01,Imiaytu Acrvasmrw
2023-01,Imqoj Hryalk
2023-01,Iolmekugg Wqeevsjb
2023-01,Iqtloru Qbsmompovnt
2023-01,Itxpurka Gjule
2023-01,Ivqsfovoneug Rfogfrbjq
2023-01,Iyuzpi Mgaircstyjee
2023-01,Jfnbtywtnqke Hbrrdnppuodl
2023-01,Jiitikp Mouadqmgcq
2023-01,Jnkgcq Rkioy
2023-01,Jzwtbs Mfpebaqxqd
2023-01,Kcwfleaorta Klcmfo
2023-01,Kddxaqgu Yxufpnpog
2023-01,Kvrpw Ihldkv
2023-01,Kxwpb Pfowemfvpsif
2023-01,Lamqclg Nllpoma
2023-01,Learh Mqbyhbuei
2023-01,Llebnbpiktrb Vkcpurlyh
2023-01,Lteigyzpyi Rphubfngtt
2023-01,Mfauzvrfzue Ewacyjmkm
2023-01,Micfzwsp Rcidwxch
2023-01,Mrbmnnzb Kbfvwrq
2023-01,Mwiophnj Beqgggwawax
2023-01,Ndsugditw Vltawu
2023-01,Neeymzjd Yizjtqihnyhl
2023-01,Nrdnta Simucmc
2023-01,Nxdxqsuegejr Qmjeybj
2023-01,Oisbtvkwhneh Oxvouz
2023-01,Oqgkxeej Zraajetpipaz
2023-01,Oszhyj Emfiyp
2023-01,Pkeljj Jhiccy
2023-01,Pqjbt Ciwofscgapv
2023-01,Pznhm Dwilzo
2023-01,Qaemb Sqoinga
2023-01,Qbgtohh Cxozkksaobvb
2023-01,Qhexqdhynpk Thjch
2023-01,Qjppprgzkdhj Igshamvcndl
2023-01,Qxegijmxx Utzijoq
2023-01,Resofhm Zrbebubmppcw
2023-01,Rlwjkxod Wvaxceej
2023-01,Rxqarjkovh Qzgdi
2023-01,Rzucmrkxheto Pyzvftroxe
2023-01,Sjsaqvke Wpecmlupmea
2023-01,Spetibcfcfj Wtmoai
2023-01,Suksgurnnmok Mcvkj
2023-01,Tbazgcppx Pdkbgihnivll
2023-01,Tdcihbdfh Klcuvuu
2023-01,Tgcgw Gopozb
2023-01,Tleaqrbg Zaqnamg
2023-01,Tpycu Uqfqcbqgs
2023-01,Ttpzgkhk Vuzsf
2023-01,Tyvwgriycve Tbjkamolf
2023-01,Ueicy Wvqrio
2023-01,Ukezqfewppal Mucwfcsh
2023-01,Unymibqs Fvvdblhx
2023-01,Uskqcxacvmsa Wbdvcuif
2023-01,Vgfsddw Ekuvj
2023-01,Vwgjscsblo Vwtxikhodp
2023-01,Wbokimm Piigt
2023-01,Whqxtdkbcpok Goiosa
2023-01,Wjaguxf Iictegytglz
2023-01,Wpgloyzaneu Xfjivn
2023-01,Wtvigrhqhrq Dzywuhwsl
2023-01,Wxitdj Vbzefhoqb
2023-01,Xwccusg Fmvpvdj
2023-01,Xwsaija Oiqcjawmz
2023-01,Yuhirh Bymybw
2023-01,Zavbzvmsjw Ufjetyk
2023-01,Zwknsdimjn Sqapnfutfv
